{
    "BloodPressure": {
        "mean": 133.7598784194529,
        "std": 19.986233314821593
    },
    "Cholesterol": {
        "mean": 201.55454545454546,
        "std": 94.53137307193445
    },
    "Glucose": {
        "mean": 137.9320837026782,
        "std": 40.81321221439
    },
    "BMI": {
        "mean": 27.3207671,
        "std": 6.636783416648368
    },
    "HbA1c": {
        "mean": 5.527507,
        "std": 1.0706720918835437
    }
}